STT,T1,L1,H1,S1,V1,X1,D1,N1,T2,L2,H2,S2,V2,X2,D2,N2,T3,L3,H3,S3,V3,X3,D3,N3,T4,L4,H4,S4,V4,X4,D4,N4,T5,L5,H5,S5,V5,X5,D5,N5,T6,L6,H6,S6,V6,X6,D6,N6,GT,DT,KV,DH1,DH2,DH3,KT,TBM1,TBM2,TBM3,XL1,XL2,XL3,US_TBM1,US_TBM2,US_TBM3,KQXT
1,7.2,7.3,6.3,7.3,7.0,7.9,7.3,5.5,8.4,8.9,5.8,9.0,6.6,8.7,7.2,5.8,7.4,7.4,5.2,6.6,6.9,8.9,8.1,5.8,7.2,7.1,5.9,7.2,6.6,5.8,8.1,5.9,7.4,5.6,6.1,5.7,7.9,5.0,7.4,5.0,6.9,5.7,6.5,7.2,8.4,6.6,7.6,5.9,F,0.0,2NT,3.25,3.25,4.5,A1,7.0,7.540000000000001,7.010000000000001,K,K,K,2.8,3.0160000000000005,2.8040000000000003,0.0
2,5.4,3.9,3.9,4.0,5.4,5.4,5.3,2.8,6.3,5.4,3.2,7.2,5.4,6.1,4.7,4.7,4.3,3.8,3.7,3.7,5.2,6.6,5.8,4.4,4.9,2.8,5.1,4.5,5.6,7.0,7.6,4.7,3.0,4.6,4.4,4.9,4.3,6.3,6.7,4.4,4.0,5.4,4.0,5.2,5.5,6.6,6.1,4.4,M,0.0,1,6.0,4.0,3.5,C,4.6899999999999995,5.470000000000001,5.069999999999999,Y,TB,TB,1.876,2.188,2.0279999999999996,0.0
3,5.6,6.8,7.2,7.5,4.3,7.4,5.8,3.2,5.0,4.9,6.2,6.1,5.3,7.1,4.0,4.9,2.8,6.3,6.2,5.6,2.5,5.8,5.1,3.7,6.1,6.1,5.8,6.8,4.0,6.4,5.3,4.1,4.8,5.1,6.4,5.1,4.0,6.9,3.9,3.2,5.7,6.6,6.8,6.8,4.1,7.9,8.1,4.6,M,0.0,1,5.0,6.75,4.0,C,5.7700000000000005,5.380000000000001,6.04,TB,TB,TB,2.3080000000000003,2.152,2.416,1.0
4,6.6,6.4,5.3,6.9,5.4,7.3,6.4,5.8,5.1,6.2,5.5,5.5,4.4,6.5,4.9,4.4,5.9,7.3,5.9,4.9,5.7,6.8,6.8,5.4,4.1,4.4,4.1,7.3,5.3,7.1,7.3,5.6,6.1,4.9,5.3,4.0,6.2,5.5,5.9,6.5,7.4,5.6,6.6,6.8,6.6,7.1,7.3,7.4,M,0.0,1,4.25,4.25,5.25,D1,6.21,5.2,6.88,TB,TB,K,2.484,2.08,2.752,0.0
5,6.0,5.0,6.0,7.3,6.5,7.7,7.9,6.1,5.4,5.5,5.9,7.5,6.5,6.9,7.6,6.4,7.6,7.6,6.7,6.6,5.7,7.9,7.4,7.3,4.4,6.5,5.6,8.3,6.2,4.9,8.6,7.7,6.8,5.4,4.7,5.0,5.1,7.0,7.0,6.3,8.0,6.2,6.8,6.9,6.6,6.1,7.5,7.2,M,0.0,2NT,4.25,4.5,5.0,A,6.5,6.36,6.989999999999999,K,TB,K,2.6,2.544,2.796,0.0
6,9.3,7.6,7.9,8.6,7.0,7.3,7.7,7.9,9.6,7.8,8.0,8.7,7.7,8.0,9.2,9.1,7.1,8.5,8.1,8.7,7.2,8.4,7.7,8.2,8.5,8.5,7.7,9.2,8.0,6.6,7.3,8.8,8.5,7.6,8.1,9.0,8.4,6.6,6.6,8.2,7.8,6.4,7.2,7.7,7.7,5.7,8.0,7.8,M,0.0,1,1.5,4.0,6.0,D1,7.960000000000001,8.54,7.38,K,G,K,3.184,3.4159999999999995,2.952,0.0
7,2.8,3.9,5.5,6.9,5.0,7.3,4.6,5.2,4.4,6.7,5.5,7.7,5.0,6.6,6.1,4.6,4.6,4.8,4.4,8.1,5.6,6.0,4.8,3.9,4.7,6.3,4.8,7.1,6.8,7.7,6.6,5.6,5.4,4.5,5.0,5.0,5.9,6.1,6.1,4.8,5.3,7.0,6.0,5.7,6.1,6.6,6.0,6.0,F,0.0,2,6.5,6.75,5.25,C,4.9,5.6000000000000005,6.01,Y,TB,TB,1.9600000000000002,2.24,2.404,1.0
8,8.3,6.0,7.6,5.1,7.5,4.7,5.8,7.2,6.7,6.3,6.4,7.1,7.3,6.9,6.1,7.9,8.6,5.7,6.9,6.6,7.4,6.0,5.8,6.5,8.3,5.3,6.2,6.4,7.6,5.4,6.7,6.3,8.5,7.0,6.1,6.4,6.6,4.8,7.4,6.9,8.3,6.7,5.6,5.9,7.3,7.1,6.8,7.0,F,0.0,2,3.75,4.5,4.25,D1,6.8,6.87,7.029999999999999,K,K,K,2.7199999999999998,2.748,2.812,0.0
9,6.5,6.3,7.6,6.0,5.5,7.1,6.3,5.0,7.3,6.8,7.3,6.5,6.4,7.9,7.6,3.7,6.4,6.7,6.7,7.3,6.2,6.1,8.2,5.7,8.1,6.0,6.3,7.8,7.2,7.6,8.5,5.7,7.7,7.5,8.8,6.5,5.6,5.6,7.1,6.7,7.7,8.7,8.9,7.5,6.0,9.1,7.9,6.1,F,0.0,1,3.5,3.5,6.75,D1,6.2299999999999995,6.720000000000001,7.56,TB,K,K,2.492,2.688,3.024,0.0
10,7.3,5.9,4.7,7.1,6.7,7.9,6.7,7.7,8.0,6.8,7.6,6.9,6.8,7.8,6.4,7.4,6.5,7.3,6.0,7.8,7.2,7.9,7.1,7.7,5.5,7.0,6.0,6.7,8.0,7.2,6.3,7.2,7.5,7.0,8.0,5.9,7.1,6.3,5.1,7.1,6.9,7.0,6.7,7.1,7.7,6.4,6.1,7.8,F,0.0,1,4.0,4.75,5.5,D1,6.8,7.25,7.029999999999999,K,K,K,2.7199999999999998,2.9,2.812,0.0
11,5.2,6.4,7.4,7.0,7.1,8.1,7.6,6.8,6.3,6.5,8.4,7.5,6.3,9.1,8.6,7.5,7.8,7.9,7.4,8.4,5.7,9.6,8.4,7.8,7.6,5.7,6.4,8.2,6.7,7.3,8.3,7.5,6.2,6.1,5.9,7.2,6.7,7.1,7.4,6.6,7.3,7.2,7.2,8.8,7.6,6.0,7.2,7.2,F,0.0,2,3.0,4.0,5.5,D1,6.790000000000001,7.279999999999999,7.340000000000001,K,K,K,2.716,2.912,2.9360000000000004,0.0
12,7.9,7.0,9.1,8.6,6.1,7.0,5.6,9.0,8.2,7.1,8.8,7.6,6.9,7.3,7.2,9.0,8.1,8.4,8.5,7.6,5.5,8.0,6.6,8.6,6.9,7.0,8.9,8.6,5.6,5.3,7.1,8.3,8.0,7.8,8.6,7.3,6.2,3.9,5.7,8.6,8.1,7.9,8.3,7.9,6.4,6.4,6.7,8.7,M,0.0,2,6.75,6.5,4.25,D1,7.43,7.720000000000001,7.49,K,K,K,2.972,3.088,2.996,1.0
13,7.3,6.3,8.7,7.7,6.6,8.5,6.9,8.5,5.8,5.7,6.3,7.3,7.3,7.1,7.9,7.7,8.5,7.1,7.8,6.5,7.1,8.4,8.5,9.1,7.6,6.7,6.7,7.8,7.5,7.1,7.8,8.9,9.3,7.2,8.6,7.1,7.5,6.9,7.5,9.0,8.3,7.0,7.1,7.2,7.9,6.8,5.6,8.5,F,0.0,1,2.0,4.5,5.0,D1,7.44,6.82,7.459999999999999,K,K,K,2.976,2.728,2.9839999999999995,0.0
14,4.9,5.4,5.0,5.0,5.8,7.0,4.2,5.8,4.5,4.5,4.6,5.6,5.9,7.1,6.0,6.5,4.5,6.1,4.2,6.0,6.7,5.9,7.0,5.3,4.6,5.4,4.3,7.3,7.8,5.9,7.5,6.2,6.5,5.8,6.1,6.4,6.9,6.8,6.2,5.8,6.9,5.9,5.7,5.8,6.4,7.3,5.6,5.7,F,0.0,1,2.5,2.75,5.5,D1,5.380000000000001,5.51,6.26,TB,TB,TB,2.152,2.2039999999999997,2.504,0.0
15,7.1,8.0,9.1,7.5,6.1,7.7,7.9,7.6,8.3,7.3,8.1,7.7,6.8,8.4,7.4,6.6,8.6,7.9,8.5,7.0,5.2,8.6,8.0,7.3,8.3,7.8,8.2,8.0,6.6,8.9,8.6,7.6,8.6,6.8,8.4,7.8,6.9,8.1,7.3,7.8,8.5,8.2,8.6,9.3,6.9,8.0,7.6,7.0,F,0.0,2NT,3.5,4.5,6.5,A,7.42,7.57,7.949999999999998,K,K,K,2.968,3.028,3.1799999999999993,0.0
16,2.5,5.3,4.9,8.2,6.9,6.0,6.7,5.0,6.2,3.8,4.7,8.6,7.5,6.3,8.0,5.6,6.5,5.9,5.7,6.4,7.2,6.1,7.6,4.8,7.3,5.5,5.4,5.2,7.0,7.7,8.1,6.9,3.4,5.3,4.6,5.0,7.4,5.6,6.8,5.0,5.3,6.0,6.0,6.2,7.2,7.1,6.8,5.0,M,0.0,1,3.75,3.0,6.5,D1,5.49,6.4399999999999995,6.21,TB,TB,TB,2.196,2.5759999999999996,2.484,0.0
17,8.8,7.0,7.7,7.1,6.1,5.4,8.3,5.3,7.3,7.4,7.4,5.9,6.1,7.9,7.5,6.0,7.5,7.0,8.6,6.7,6.0,6.9,7.5,6.2,7.7,7.3,8.6,5.8,6.4,6.1,7.6,5.5,7.4,5.4,7.6,5.2,6.7,7.4,8.4,5.6,7.5,6.7,6.0,6.7,7.1,5.3,7.8,5.6,F,0.0,1,3.5,4.0,3.5,A,7.0600000000000005,6.890000000000001,6.729999999999999,K,K,K,2.8240000000000003,2.7560000000000002,2.6919999999999993,0.0
18,5.4,6.0,4.9,5.5,4.2,7.3,5.3,4.9,4.8,6.4,6.3,6.9,5.3,9.2,7.3,5.3,5.5,7.1,7.5,7.8,4.7,9.4,8.6,6.3,5.5,6.0,7.2,7.9,5.0,9.1,8.8,6.5,7.5,6.2,7.8,7.2,5.0,7.9,6.4,5.3,7.3,7.3,7.1,6.4,5.9,9.4,6.4,5.5,M,0.0,1,4.25,4.5,5.0,A,5.31,6.159999999999999,6.85,TB,TB,K,2.1239999999999997,2.4639999999999995,2.7399999999999998,0.0
19,5.6,4.8,7.3,3.9,5.5,6.0,6.1,4.8,5.5,4.9,5.0,6.3,5.8,6.1,6.8,4.8,4.8,8.8,5.4,7.0,6.7,5.8,7.7,4.9,6.1,7.4,6.5,7.2,7.7,5.0,7.6,6.0,6.6,6.8,6.6,6.7,6.1,5.6,6.3,5.0,8.5,7.7,6.7,6.6,5.7,6.4,6.3,5.8,M,0.0,1,3.25,4.75,3.5,A,5.51,5.6499999999999995,6.789999999999999,TB,TB,K,2.2039999999999997,2.26,2.7159999999999997,0.0
20,8.2,7.3,7.8,7.6,5.6,7.2,6.0,6.5,6.4,7.3,5.7,5.7,5.3,7.3,6.1,6.7,6.1,7.8,9.2,6.1,4.7,6.6,7.1,5.8,5.8,6.5,7.3,5.5,5.2,3.4,6.4,6.1,7.1,6.3,7.5,7.1,4.9,4.3,7.8,5.0,8.9,8.2,6.5,5.3,5.8,5.7,6.6,5.5,F,0.0,2,3.5,4.0,4.0,A,7.0,6.220000000000001,6.720000000000001,K,TB,K,2.8,2.4880000000000004,2.688,0.0
21,3.9,3.9,6.0,6.7,6.1,4.8,6.3,5.2,5.6,5.1,6.2,7.0,6.2,6.3,6.6,4.5,6.3,5.2,6.6,6.6,6.0,7.3,6.4,6.8,6.9,6.7,7.0,8.0,6.8,6.4,6.9,5.2,9.3,6.6,7.5,5.6,6.3,6.0,7.1,5.5,8.4,7.8,6.6,7.7,6.2,6.4,6.1,6.7,M,0.0,1,2.75,5.0,4.25,A,5.289999999999999,5.93,7.05,TB,TB,K,2.1159999999999997,2.372,2.82,0.0
22,5.0,5.1,6.3,4.5,6.8,5.8,5.1,4.1,5.8,4.5,5.3,5.3,5.7,4.2,5.6,4.2,6.0,5.2,4.5,6.7,6.9,7.4,5.3,4.9,6.6,4.4,5.9,4.9,6.5,7.5,7.3,5.2,6.8,6.5,6.4,5.6,7.1,6.6,4.8,5.5,5.5,5.7,6.8,6.1,7.8,5.2,6.8,6.1,F,0.0,1,3.5,3.0,4.5,D1,5.45,5.210000000000001,6.33,TB,TB,TB,2.18,2.0840000000000005,2.532,0.0
23,5.0,4.5,5.3,6.8,4.8,5.5,5.5,5.5,5.5,5.5,5.7,8.0,5.4,6.3,6.3,4.7,2.3,7.2,4.5,5.3,6.9,8.0,5.8,6.1,4.1,7.3,4.9,8.5,7.0,8.3,7.6,5.3,3.4,6.2,5.7,7.3,6.0,4.4,6.1,6.7,4.1,7.0,5.8,7.2,6.2,5.3,6.4,6.1,F,0.0,2,5.0,3.5,6.0,C,5.2700000000000005,5.83,5.84,TB,TB,TB,2.108,2.332,2.336,0.0
24,5.3,6.3,5.7,6.9,5.9,7.5,6.6,5.1,6.4,6.9,4.7,7.4,6.1,8.4,6.4,4.4,6.1,5.8,5.1,7.4,6.7,7.1,6.7,4.3,5.0,3.5,4.5,7.3,6.1,8.8,7.9,3.9,5.3,5.5,6.3,6.7,6.7,7.5,6.7,4.5,6.1,6.8,6.4,6.4,7.6,8.8,6.1,5.2,M,0.0,2NT,6.75,5.25,5.0,C,6.05,6.319999999999999,6.709999999999999,TB,TB,K,2.42,2.5279999999999996,2.6839999999999997,1.0
25,2.4,4.1,3.6,5.5,5.9,5.6,4.9,4.2,3.3,5.7,4.9,5.3,5.7,4.5,5.6,4.8,3.9,4.6,4.6,6.9,5.7,8.0,5.1,4.7,3.3,5.3,5.6,6.9,7.2,7.3,6.1,3.6,4.4,5.0,4.4,5.6,6.8,4.0,5.0,5.2,3.8,6.3,4.5,6.6,7.1,4.1,5.7,5.1,F,0.0,1,7.0,2.25,5.25,C,4.45,4.880000000000001,5.410000000000001,Y,Y,TB,1.78,1.9520000000000004,2.1640000000000006,0.0
26,3.6,5.8,6.9,6.1,5.5,7.2,5.5,4.3,4.2,5.4,6.5,5.5,5.8,5.0,5.3,4.3,4.2,4.5,5.3,5.0,5.6,6.4,5.3,4.1,4.8,4.8,4.7,4.6,5.4,4.1,6.3,5.6,5.8,4.9,4.8,6.3,4.8,2.7,4.4,5.0,3.7,4.5,5.7,5.5,5.6,5.9,6.3,4.4,F,0.0,1,4.75,2.0,5.5,C,5.4,5.199999999999999,5.089999999999999,TB,TB,TB,2.16,2.0799999999999996,2.0359999999999996,0.0
27,4.9,4.8,5.0,5.4,5.2,5.3,6.5,4.4,5.9,5.4,5.2,5.5,5.9,4.9,6.4,3.7,4.9,4.5,5.5,6.8,6.2,7.4,7.5,4.2,6.0,5.8,5.1,9.0,7.2,5.1,5.3,5.7,6.1,7.7,8.0,6.4,6.7,5.4,8.3,4.8,6.8,7.5,8.1,7.0,8.1,7.6,6.8,5.5,F,0.0,1,5.25,4.5,4.75,C,5.159999999999999,5.470000000000001,7.230000000000001,TB,TB,K,2.0639999999999996,2.188,2.8920000000000003,0.0
28,8.1,5.5,5.1,5.6,6.2,6.2,6.6,4.8,4.4,4.7,5.2,6.6,6.5,5.8,6.1,4.8,5.0,6.2,4.4,6.3,4.4,5.2,6.6,5.7,2.9,5.2,4.2,5.9,5.0,5.8,7.4,5.3,5.8,5.2,6.0,6.2,6.2,6.8,5.9,5.0,5.6,6.2,6.4,6.4,7.3,6.4,6.3,5.1,F,0.0,2NT,5.25,5.0,3.5,C,6.24,5.499999999999999,6.26,TB,TB,TB,2.496,2.1999999999999997,2.504,0.0
29,6.3,6.4,6.6,6.7,6.6,8.1,7.8,4.5,8.1,4.9,5.7,4.9,4.5,8.0,6.9,4.7,5.7,5.9,4.3,6.4,5.5,7.2,6.6,4.6,7.3,4.3,4.0,7.1,5.4,8.7,6.5,4.7,8.3,6.7,5.3,6.5,5.5,7.6,6.4,4.8,8.4,6.6,6.1,7.2,5.9,8.2,6.8,5.4,M,0.0,2NT,3.25,5.25,3.75,A,6.590000000000001,6.03,6.890000000000001,K,TB,K,2.636,2.412,2.7560000000000002,0.0
30,4.5,3.8,4.8,5.9,4.3,6.2,5.2,6.1,5.5,5.8,5.1,6.7,4.7,6.1,5.8,5.3,6.8,6.5,5.4,5.4,5.0,6.0,6.1,7.0,5.6,7.1,5.7,6.3,5.6,5.1,6.4,7.0,5.3,4.8,4.5,4.0,3.9,3.3,4.4,5.4,6.1,5.2,5.0,5.3,5.0,6.2,5.5,6.1,M,0.0,1,2.75,3.75,5.0,D1,4.960000000000001,5.52,5.550000000000001,Y,TB,TB,1.9840000000000004,2.2079999999999997,2.22,0.0
31,7.6,7.2,5.4,5.6,5.6,6.7,6.7,4.0,7.7,6.6,5.8,6.9,6.4,7.1,5.4,5.7,7.5,5.7,4.4,7.7,5.8,8.0,8.4,5.4,5.5,5.5,5.5,5.6,6.5,7.0,6.9,5.7,6.5,5.4,5.4,5.8,7.5,7.1,7.5,5.7,6.5,7.5,6.8,6.7,6.4,7.8,8.4,6.2,F,0.0,1,5.0,3.5,5.5,D1,6.2,6.57,6.919999999999999,TB,K,K,2.48,2.628,2.768,0.0
32,2.6,4.6,4.6,3.6,4.2,5.4,5.2,4.5,3.8,6.1,6.3,8.1,4.5,7.2,5.6,4.5,5.9,6.4,6.4,7.7,4.9,7.1,7.8,5.3,6.8,7.7,7.2,6.4,6.3,8.1,8.0,6.7,6.3,6.1,7.6,4.1,5.5,6.2,6.3,5.1,8.0,7.3,7.3,7.4,5.8,9.0,6.7,6.7,M,0.0,1,4.5,4.75,5.5,A,4.15,5.44,7.2,Y,TB,K,1.6600000000000001,2.176,2.88,0.0
33,6.0,6.8,7.1,7.3,6.6,7.1,6.9,7.0,6.0,6.9,5.8,7.7,6.2,6.9,7.0,7.6,6.8,7.7,7.1,8.2,5.6,8.4,7.4,6.9,5.4,6.6,6.2,8.4,6.6,7.7,6.3,7.3,6.7,6.1,7.1,6.8,6.6,6.6,6.9,6.5,6.7,7.6,6.7,6.6,6.7,6.6,7.1,7.5,F,0.0,2,4.5,4.5,4.75,D1,6.739999999999999,6.63,6.890000000000001,K,K,K,2.6959999999999997,2.652,2.7560000000000002,0.0
34,6.4,4.6,6.4,5.9,5.7,7.2,6.9,2.9,4.5,4.4,6.2,5.3,5.1,6.4,4.6,4.0,8.0,7.7,7.3,6.3,5.3,5.9,5.7,5.8,8.5,6.6,5.9,4.6,4.4,6.6,5.1,5.5,7.7,5.4,6.2,6.4,4.5,5.3,5.9,3.1,6.0,6.8,7.0,5.0,4.9,4.9,6.4,4.4,M,0.0,1,2.25,4.0,4.25,A,5.81,5.01,5.63,TB,TB,TB,2.324,2.004,2.252,0.0
35,4.7,7.2,7.4,7.6,6.3,7.7,4.9,4.7,6.2,5.4,7.0,6.6,5.5,6.5,8.1,4.9,4.3,5.3,5.2,7.3,6.2,5.6,7.2,6.4,5.3,5.1,8.4,7.2,6.5,7.1,8.4,6.3,6.4,5.6,6.7,6.1,7.0,5.3,5.6,4.7,7.0,5.5,7.0,7.0,7.6,5.3,6.8,4.3,M,0.0,2NT,2.5,4.5,4.5,A,6.15,6.1899999999999995,6.51,TB,TB,K,2.46,2.476,2.604,0.0
36,6.5,4.4,6.5,5.7,6.4,6.9,4.0,4.6,5.3,5.1,5.1,5.9,6.3,6.5,4.7,5.3,6.1,4.7,4.7,7.0,6.0,5.9,7.3,5.7,5.7,4.3,4.1,6.7,5.9,5.4,6.7,5.8,7.1,5.9,6.7,5.2,5.9,5.5,4.7,5.6,6.9,5.7,7.0,6.6,6.4,5.8,6.0,5.5,M,0.0,2,2.5,5.0,5.0,A,5.79,5.58,6.32,TB,TB,TB,2.316,2.232,2.528,0.0
37,7.3,4.8,4.9,4.6,4.0,5.1,5.8,3.4,7.5,5.8,3.1,8.8,4.9,8.5,7.1,3.8,8.0,6.3,4.8,6.8,4.7,6.8,7.6,3.3,7.7,5.4,6.2,7.5,5.3,7.9,7.8,5.7,7.8,4.6,5.0,6.0,4.3,4.6,6.6,4.8,8.1,6.0,7.1,7.1,4.7,8.3,6.9,5.0,M,0.0,1,4.25,3.5,2.75,A,5.119999999999999,6.1899999999999995,6.6,TB,TB,K,2.0479999999999996,2.476,2.6399999999999997,0.0
38,3.4,4.2,3.7,4.4,6.1,4.6,4.7,4.4,4.4,5.9,4.8,5.4,5.0,6.7,5.7,5.3,5.8,4.8,4.4,5.6,5.2,5.8,5.1,5.7,3.0,3.8,3.9,5.9,5.1,5.3,5.8,6.5,3.2,6.1,6.6,5.1,5.7,4.4,5.3,6.3,3.7,6.7,6.8,6.6,5.8,5.9,4.7,5.8,M,0.0,2,2.25,5.25,4.5,A,4.5,5.26,5.55,Y,TB,TB,1.8,2.104,2.2199999999999998,0.0
39,4.4,5.6,5.2,6.4,5.9,6.7,7.2,4.3,4.4,2.4,7.5,7.1,5.7,5.1,5.6,4.9,5.1,5.0,6.8,4.9,3.8,6.4,5.6,4.5,5.6,5.5,7.2,5.5,4.5,6.0,6.2,3.8,5.8,3.5,5.5,5.8,4.7,6.6,6.8,3.9,5.8,4.0,7.0,5.5,5.2,6.5,6.6,4.2,M,0.0,1,2.0,3.0,5.25,A,5.6,5.28,5.58,TB,TB,TB,2.2399999999999998,2.112,2.232,0.0
40,4.3,5.0,4.8,1.9,3.1,6.1,7.5,3.8,5.3,6.6,6.8,5.8,4.0,7.4,6.2,4.3,7.3,6.4,6.3,7.3,4.5,6.4,6.3,5.2,7.7,5.5,6.3,6.1,4.3,6.4,6.6,5.3,7.4,5.1,6.8,7.6,5.6,6.6,6.6,5.5,7.1,6.2,7.3,7.0,6.9,7.6,6.2,5.0,M,0.0,1,2.75,4.0,4.0,A1,4.389999999999999,5.569999999999999,6.730000000000001,Y,TB,K,1.7559999999999996,2.2279999999999998,2.6920000000000006,0.0
41,5.3,6.3,8.4,7.3,5.8,8.5,7.6,7.8,7.5,7.8,7.5,8.3,5.3,8.0,8.0,8.0,7.8,7.8,7.3,7.4,6.0,7.9,7.6,6.7,8.5,6.7,6.8,8.1,6.1,8.2,8.3,6.5,6.8,7.5,6.9,6.4,6.1,4.7,7.3,6.6,7.5,8.6,7.9,7.1,6.3,5.3,8.5,6.6,F,0.0,2,5.0,3.75,5.75,D1,6.81,7.32,7.159999999999999,K,K,K,2.7239999999999998,2.928,2.864,0.0
42,8.3,8.0,9.0,8.3,7.9,8.3,8.1,6.7,8.2,8.4,8.3,8.6,8.0,8.7,8.7,7.7,7.8,7.6,8.1,8.5,7.0,9.7,8.8,8.3,7.7,7.9,8.9,8.8,7.9,8.4,8.6,7.4,8.8,8.3,8.8,8.4,7.5,6.6,8.0,7.1,8.5,8.6,8.5,9.1,7.8,8.1,7.9,7.4,F,0.0,2,4.0,4.5,5.75,A,8.08,8.28,8.220000000000002,G,G,G,3.232,3.312,3.288000000000001,0.0
43,7.0,7.4,7.5,8.3,8.7,8.0,8.8,7.0,7.2,6.7,7.6,9.3,8.6,8.0,9.4,6.9,7.0,6.0,5.3,7.4,8.0,9.0,8.3,7.0,6.5,5.3,6.3,8.4,7.5,8.1,7.6,6.3,4.0,7.3,7.2,7.2,6.9,5.9,8.0,7.1,5.5,6.9,7.5,8.3,8.0,8.7,7.2,6.6,F,0.0,1,5.75,3.5,4.25,D1,7.840000000000001,7.950000000000001,7.220000000000001,K,K,K,3.136,3.1800000000000006,2.8880000000000003,0.0
44,6.6,7.2,5.9,6.9,7.6,8.1,7.3,6.7,6.3,6.9,6.0,6.4,7.0,7.1,6.9,6.2,6.7,7.1,5.4,6.8,6.8,5.9,6.6,6.8,6.0,7.6,6.5,7.6,6.7,7.1,7.9,5.6,5.8,5.9,5.8,4.6,6.6,4.0,6.0,6.2,6.0,7.6,6.5,7.6,6.7,7.1,7.9,5.6,F,1.0,2,1.25,3.5,5.0,D1,7.049999999999999,6.609999999999999,6.7700000000000005,K,K,K,2.8199999999999994,2.6439999999999997,2.708,0.0
45,6.1,6.9,5.9,6.6,6.0,7.0,6.8,6.7,8.8,7.1,6.4,6.7,6.8,7.1,7.1,7.1,8.4,7.3,5.6,7.5,5.8,6.8,6.3,7.3,6.6,7.1,6.3,6.8,6.6,6.9,6.7,6.9,7.8,7.3,6.8,7.8,6.8,6.1,4.3,5.8,7.8,6.8,8.0,7.4,7.1,6.6,6.8,7.3,F,0.0,2NT,3.75,4.0,4.0,A,6.409999999999999,7.2700000000000005,7.2700000000000005,TB,K,K,2.5639999999999996,2.9080000000000004,2.9080000000000004,0.0
46,6.9,5.3,7.1,5.7,7.0,8.4,6.2,6.4,5.4,4.8,6.6,6.4,7.3,7.4,6.6,5.7,5.3,6.6,6.2,5.9,6.0,8.9,6.5,5.8,5.3,6.2,5.8,7.5,6.3,6.2,8.4,5.3,7.2,6.3,6.8,6.0,6.0,4.1,7.4,5.9,7.1,7.1,6.6,5.7,6.8,5.8,7.1,5.7,F,0.0,2,2.0,4.5,5.0,A,6.69,6.290000000000001,6.58,K,TB,K,2.676,2.5160000000000005,2.632,0.0
47,6.7,6.8,6.4,5.9,5.6,6.4,8.0,6.8,6.6,6.9,7.1,4.6,6.0,6.7,7.8,6.8,7.6,7.0,6.7,7.0,5.9,6.2,8.1,7.5,7.4,6.5,6.6,6.1,6.0,5.4,6.8,6.8,6.1,5.5,6.3,6.5,5.8,5.2,7.9,5.3,6.5,6.9,5.9,7.0,6.0,5.1,6.6,5.1,F,0.0,1,5.25,2.25,5.25,D1,6.49,6.510000000000001,6.16,TB,K,TB,2.596,2.604,2.464,0.0
48,7.9,7.6,8.4,8.6,6.2,7.5,8.7,7.7,7.3,7.5,8.0,7.7,5.9,8.5,8.8,8.0,7.8,7.6,8.2,7.6,5.4,6.5,8.2,8.1,9.4,7.6,9.1,8.8,6.2,6.6,8.4,8.4,8.6,8.1,9.0,7.8,5.1,5.2,8.0,7.7,8.1,9.0,9.2,7.5,4.6,5.1,7.0,7.9,M,0.0,2,4.75,6.5,8.0,A,7.67,7.49,7.109999999999999,K,K,K,3.068,2.996,2.844,1.0
49,7.9,6.0,6.4,7.4,8.0,7.1,8.4,7.0,8.1,7.5,6.7,8.7,8.5,7.9,9.0,7.1,7.8,7.4,6.3,8.3,7.8,8.9,9.1,7.5,5.8,8.2,8.2,8.6,8.1,9.1,8.1,7.9,7.3,6.7,6.9,6.8,8.5,9.3,8.1,6.9,7.9,8.0,7.6,7.3,8.2,9.0,6.5,6.5,F,0.0,2,5.0,4.0,6.75,D1,7.410000000000001,8.01,7.709999999999999,K,G,K,2.9640000000000004,3.2039999999999997,3.0839999999999996,1.0
50,8.2,7.2,8.4,5.9,5.9,6.4,6.4,6.2,8.5,6.8,5.0,6.2,6.0,7.2,8.0,7.0,6.7,6.4,6.6,5.5,5.3,6.3,5.7,6.1,6.8,6.7,5.9,5.7,6.4,7.4,7.8,6.4,7.5,7.2,6.6,5.4,6.0,6.4,5.5,5.9,7.6,7.9,8.0,7.5,5.8,6.6,7.7,6.9,F,0.0,2NT,3.25,4.5,4.0,A1,6.87,6.92,7.140000000000001,K,K,K,2.748,2.768,2.8560000000000003,0.0
51,5.5,7.1,6.1,5.8,6.2,6.9,7.3,6.1,6.2,6.7,5.7,6.7,6.3,6.6,7.1,5.7,7.3,7.0,6.0,7.7,7.4,7.7,8.7,5.9,7.9,6.8,7.7,9.4,7.8,7.6,8.1,7.1,7.1,6.3,7.4,6.2,6.6,5.3,5.6,5.3,7.7,7.0,6.8,6.3,7.4,8.4,6.8,6.3,F,0.0,1,2.0,5.25,3.5,A,6.2700000000000005,6.3500000000000005,7.18,TB,TB,K,2.508,2.54,2.872,0.0
52,6.0,5.3,8.5,6.6,7.6,7.5,7.6,4.0,7.3,6.3,8.9,7.8,8.2,8.4,8.8,6.1,7.4,7.1,8.5,8.3,8.1,9.0,7.3,5.0,8.1,6.0,8.8,9.0,7.9,7.8,8.6,5.8,7.7,6.9,7.2,5.8,7.5,8.9,7.5,6.1,6.5,7.3,7.0,6.8,7.5,9.0,7.8,5.9,F,0.0,1,2.5,3.25,5.0,A,6.669999999999999,7.729999999999999,7.1800000000000015,K,K,K,2.6679999999999997,3.0919999999999996,2.8720000000000008,0.0
53,5.3,7.0,7.0,7.3,6.7,8.4,6.6,7.8,8.0,7.2,6.5,7.0,6.9,8.0,7.9,7.1,6.8,7.9,6.9,7.7,5.8,8.6,6.8,7.2,6.6,7.0,7.3,7.4,6.3,7.8,6.7,6.9,7.4,6.7,6.5,5.9,7.0,6.5,6.9,7.2,5.9,6.9,5.7,5.5,6.9,5.3,7.0,5.9,F,0.0,2NT,3.75,3.5,4.5,D1,6.8100000000000005,7.35,6.1899999999999995,K,K,TB,2.724,2.94,2.476,0.0
54,4.9,5.9,6.2,5.6,5.9,5.0,7.0,5.6,6.1,7.1,6.4,6.0,6.3,5.5,6.2,6.6,2.5,4.8,5.0,5.0,4.5,2.4,5.8,3.7,6.2,4.1,4.4,5.2,4.1,6.3,4.9,4.6,4.9,5.2,4.9,5.5,5.5,4.6,5.5,5.4,6.5,7.5,6.1,5.6,5.2,5.7,5.6,6.3,M,0.0,1,1.0,5.5,4.25,A,5.6899999999999995,6.26,6.0200000000000005,TB,TB,TB,2.276,2.504,2.4080000000000004,0.0
55,5.3,5.7,5.4,4.6,4.4,6.6,4.7,5.3,5.1,4.9,3.4,5.7,5.4,6.4,7.3,5.5,6.4,3.6,4.0,6.6,5.3,7.0,6.0,4.7,5.6,6.0,3.6,6.4,6.3,6.6,5.1,5.2,6.5,5.4,6.1,4.6,5.7,6.9,6.3,4.9,6.5,5.7,6.0,5.7,7.5,7.8,6.0,6.7,F,0.0,2,4.5,3.75,4.5,D1,5.170000000000001,5.42,6.589999999999999,TB,TB,K,2.0680000000000005,2.168,2.6359999999999997,0.0
56,7.9,6.9,7.0,7.0,7.0,3.9,5.6,6.4,8.4,7.3,6.4,5.8,7.1,6.3,6.4,7.2,8.5,8.1,6.1,5.6,6.1,6.6,6.5,5.9,8.4,7.0,7.0,5.7,6.3,7.0,7.4,6.6,9.5,8.1,7.9,8.1,7.0,4.8,7.7,6.8,9.5,8.4,6.7,7.7,7.3,6.7,6.9,6.5,F,0.0,2NT,4.25,4.75,3.25,A1,6.660000000000001,7.039999999999999,7.650000000000001,K,K,K,2.6640000000000006,2.816,3.0600000000000005,0.0
57,6.3,6.9,6.9,6.9,6.8,6.2,7.6,6.7,7.0,7.7,6.9,8.5,6.2,6.5,6.8,6.3,5.5,6.8,5.7,7.1,6.6,8.6,7.7,5.9,6.3,7.7,6.3,7.4,7.3,8.1,6.5,7.0,8.5,7.1,7.3,6.6,7.2,7.0,6.9,7.1,8.7,7.0,6.6,7.4,7.4,7.0,6.9,6.7,F,0.0,1,6.0,5.5,5.0,A,6.74,6.909999999999999,7.380000000000001,K,K,K,2.696,2.764,2.9520000000000004,1.0
58,7.2,7.6,6.6,6.6,5.0,7.1,6.8,9.3,7.3,7.0,8.2,8.2,5.5,6.9,8.1,8.4,7.5,7.8,8.6,6.5,5.5,7.4,7.8,8.7,7.6,7.6,8.8,7.6,4.8,7.0,5.8,8.7,7.8,6.6,8.1,5.9,5.6,5.8,7.3,8.1,6.4,8.9,7.8,6.7,4.2,6.6,6.8,7.9,F,0.0,1,2.0,5.5,5.0,A1,6.840000000000001,7.24,6.590000000000001,K,K,K,2.736,2.896,2.636,0.0
59,6.5,5.8,7.4,7.7,7.2,7.5,6.5,4.6,8.3,7.4,6.8,8.2,7.7,7.8,6.8,6.0,8.3,5.7,8.4,8.3,7.3,7.1,6.1,8.0,7.1,5.7,5.7,7.9,7.0,8.6,7.0,8.4,5.8,6.6,6.9,5.9,6.0,7.0,7.2,7.7,7.9,7.8,7.7,7.8,7.0,9.1,8.1,8.5,M,0.0,2NT,2.25,5.25,6.0,A,6.69,7.5,7.88,K,K,K,2.676,3.0,3.152,0.0
60,3.6,4.6,5.0,6.9,5.2,4.5,5.8,7.3,3.5,4.1,3.4,7.3,5.5,6.0,5.6,7.5,4.2,3.4,3.4,6.6,4.7,6.3,4.8,7.5,3.2,5.9,3.6,8.2,5.9,6.8,6.3,7.7,4.4,2.6,4.9,5.7,5.6,6.1,4.8,7.4,4.9,6.1,4.3,7.0,5.1,5.8,6.1,8.4,M,1.0,1,3.0,4.0,4.0,D1,5.17,5.1899999999999995,5.77,TB,TB,TB,2.068,2.0759999999999996,2.308,0.0
61,6.2,7.8,7.8,8.0,5.1,7.4,5.8,5.4,5.0,6.6,7.5,8.2,6.1,7.8,8.4,5.5,6.7,5.7,6.1,7.7,4.7,8.9,6.1,5.3,6.6,4.9,7.6,8.3,5.5,8.3,9.2,5.5,7.2,5.9,8.2,6.0,5.8,5.0,6.4,5.9,7.6,7.0,8.2,5.9,5.7,8.0,6.6,6.5,M,0.0,1,2.5,3.5,6.5,A,6.4799999999999995,6.619999999999999,6.88,TB,K,K,2.5919999999999996,2.6479999999999997,2.752,0.0
62,7.2,5.5,6.5,6.9,8.0,7.2,6.8,4.8,8.4,6.0,6.6,6.6,8.2,7.2,7.6,5.1,7.3,6.6,5.2,7.1,7.7,9.2,7.5,4.7,6.5,6.1,6.2,7.1,7.5,8.7,8.6,4.9,7.9,7.5,6.7,5.9,7.2,8.0,6.6,5.5,8.9,8.3,6.8,6.5,7.3,8.7,7.8,5.9,F,0.0,1,3.5,3.5,4.25,A,6.81,7.2299999999999995,7.640000000000001,K,K,K,2.7239999999999998,2.892,3.056,0.0
63,6.4,7.2,8.1,8.5,6.2,8.8,7.9,5.6,5.9,7.6,8.0,8.0,7.4,6.7,7.8,7.8,6.5,6.3,6.4,6.9,7.0,6.7,8.1,7.0,7.6,6.5,7.0,7.4,7.1,7.4,7.8,7.7,6.8,7.7,6.8,6.8,6.5,7.7,7.6,7.6,7.5,7.3,7.0,7.0,7.2,8.8,6.6,6.4,M,0.0,1,4.25,2.75,3.25,A,7.13,7.25,7.25,K,K,K,2.852,2.9,2.9,0.0
64,7.5,7.6,7.8,7.9,5.7,8.1,5.8,6.2,7.6,6.8,8.7,7.9,5.7,8.8,8.4,6.1,6.8,6.9,7.2,9.0,5.7,9.2,7.6,5.4,6.8,7.8,7.7,7.8,5.9,8.9,7.5,5.4,8.0,6.4,6.4,7.1,5.7,8.6,7.2,6.7,6.6,8.1,6.7,6.4,6.0,7.2,7.3,6.6,M,0.0,1,2.25,3.5,5.0,A,6.9799999999999995,7.33,6.75,K,K,K,2.792,2.932,2.7,0.0
65,7.1,6.2,8.4,7.3,6.4,6.7,8.5,4.9,6.9,6.5,8.2,7.3,6.5,8.1,7.6,6.1,8.1,7.4,8.3,8.0,6.7,8.4,8.8,5.5,7.2,8.0,7.0,7.6,7.1,8.6,7.6,6.1,6.9,8.0,8.7,6.3,5.7,8.6,7.4,4.7,7.4,6.7,7.4,5.4,6.7,9.1,7.1,5.4,M,6.0,2,4.25,3.75,6.0,A,6.9,7.06,6.93,K,K,K,2.7600000000000002,2.824,2.772,0.0
66,3.0,4.0,3.8,6.6,5.4,5.4,4.0,5.3,3.5,3.8,4.3,5.3,4.7,8.4,5.4,4.5,3.8,6.5,4.0,6.0,3.8,8.7,6.8,3.3,5.5,5.3,4.7,6.3,5.8,8.1,6.6,5.6,5.0,4.8,5.3,5.6,5.1,6.6,8.2,3.8,5.1,6.3,4.9,6.0,5.8,8.3,6.8,4.7,M,0.0,1,2.0,3.75,4.75,A,4.59,4.8100000000000005,5.88,Y,Y,TB,1.8359999999999999,1.9240000000000002,2.352,0.0
67,5.1,3.7,4.7,5.5,5.1,4.5,5.8,2.8,5.3,4.2,5.1,6.5,5.6,7.1,6.4,4.1,4.7,5.2,4.3,5.0,5.4,5.0,5.9,3.6,5.6,4.6,4.2,5.3,5.2,6.1,6.0,4.3,6.2,5.4,5.0,4.9,4.7,4.6,6.3,4.5,5.9,6.9,6.4,4.6,5.8,6.3,6.1,4.6,M,0.0,2NT,4.0,4.5,3.25,A,4.739999999999999,5.52,5.83,Y,TB,TB,1.8959999999999997,2.2079999999999997,2.332,0.0
68,4.6,4.9,5.3,5.7,4.5,5.0,7.3,2.8,7.2,6.5,4.9,6.3,4.0,6.5,7.5,3.8,7.6,4.9,5.1,5.1,4.6,5.3,6.7,4.1,6.2,5.8,6.7,6.9,5.7,5.8,7.1,4.2,8.0,4.3,7.7,7.4,4.7,4.5,6.6,5.3,7.2,5.0,8.0,6.3,5.5,5.7,5.8,4.6,M,0.0,1,4.5,4.5,5.5,B,4.919999999999999,5.789999999999999,6.08,Y,TB,TB,1.9679999999999995,2.316,2.432,0.0
69,7.3,6.4,6.9,7.5,6.2,8.4,7.6,8.1,8.1,7.0,7.1,8.3,6.8,6.9,9.2,8.7,8.2,6.8,7.7,8.6,7.3,8.3,7.8,8.2,7.9,7.7,7.1,9.2,7.6,7.8,8.4,7.8,8.4,8.4,7.3,7.5,7.2,7.7,7.6,8.6,8.1,8.0,8.1,7.1,8.0,8.8,7.9,7.9,M,0.0,1,3.75,6.0,4.5,B,7.1899999999999995,7.7,8.000000000000002,K,K,G,2.876,3.08,3.2000000000000006,0.0
70,6.0,5.9,6.0,5.3,4.8,7.1,5.8,5.2,6.2,5.6,7.7,7.2,5.5,5.9,6.6,7.3,5.1,4.4,5.4,6.9,4.8,4.0,4.5,4.8,5.1,4.2,5.3,5.2,6.0,5.4,6.5,5.3,3.5,3.3,4.8,4.3,4.8,5.9,4.6,4.0,5.6,7.3,5.0,6.2,5.4,6.7,4.4,4.9,M,0.0,1,2.25,3.75,6.25,B,5.6899999999999995,6.369999999999999,5.65,TB,TB,TB,2.276,2.5479999999999996,2.2600000000000002,0.0
71,5.8,6.3,6.0,6.5,6.7,7.6,6.7,5.9,7.6,7.5,5.6,8.1,6.3,6.3,7.1,7.1,6.6,6.7,4.0,7.3,6.1,5.2,7.8,6.0,5.3,7.8,6.6,7.1,6.8,6.8,6.8,6.3,6.5,7.0,6.9,5.7,7.0,6.6,6.6,5.7,8.2,7.4,6.0,7.6,7.3,7.3,7.8,6.8,F,0.0,2,2.25,4.5,7.25,A,6.4,6.95,7.389999999999999,TB,K,K,2.56,2.7800000000000002,2.9559999999999995,0.0
72,3.0,5.1,3.0,6.4,4.3,4.8,2.0,4.5,4.8,4.1,3.5,6.2,6.7,5.4,6.7,4.1,4.7,4.7,6.2,6.1,6.6,6.6,4.6,4.6,5.0,5.1,5.6,6.2,6.4,7.1,7.3,4.6,6.8,4.9,6.1,4.7,5.5,5.9,6.5,4.6,9.0,5.7,6.0,6.1,6.2,8.1,5.8,5.1,F,0.0,1,3.5,4.75,3.5,B,4.04,5.3,6.719999999999999,Y,TB,K,1.616,2.12,2.6879999999999997,0.0
73,5.5,6.6,7.2,7.6,5.5,6.7,6.7,5.2,6.0,6.8,6.3,7.2,4.9,4.8,6.6,5.3,4.6,5.5,5.5,7.1,5.2,6.1,7.1,5.4,5.2,4.7,5.8,6.3,5.7,5.6,5.2,5.3,5.2,5.5,6.3,6.6,6.1,6.5,5.3,5.2,6.1,6.2,7.3,7.8,5.5,5.9,6.3,5.5,M,0.0,1,1.5,4.5,5.5,A,6.200000000000001,5.880000000000001,6.22,TB,TB,TB,2.4800000000000004,2.3520000000000003,2.488,0.0
74,5.2,3.1,4.7,5.8,6.1,3.1,4.8,4.4,5.5,5.9,5.7,6.3,5.5,4.8,6.1,5.1,4.7,6.3,5.0,6.1,5.9,5.8,6.1,5.8,4.3,5.9,5.5,7.0,6.7,4.7,6.1,6.2,4.7,6.0,5.5,4.7,5.8,2.9,5.4,5.1,5.7,5.4,5.7,4.7,5.7,5.3,5.3,4.8,F,0.0,1,2.0,4.5,3.75,A,4.85,5.59,5.3999999999999995,Y,TB,TB,1.94,2.2359999999999998,2.1599999999999997,0.0
75,4.2,5.6,5.0,8.4,6.3,8.2,6.9,3.9,5.5,6.8,7.7,6.9,6.8,8.0,6.4,5.1,5.1,6.3,6.1,7.8,6.1,6.4,6.9,4.4,6.4,8.1,7.8,8.0,6.2,8.1,8.3,5.5,8.0,6.4,6.1,6.2,6.0,6.3,5.9,5.5,8.5,6.3,5.7,7.2,7.1,6.9,7.3,5.5,F,0.0,1,5.25,3.5,4.5,A,5.9,6.55,7.010000000000001,TB,K,K,2.3600000000000003,2.62,2.8040000000000003,0.0
76,5.5,4.0,4.3,5.6,3.3,5.9,2.8,3.4,6.0,4.3,3.2,4.5,3.7,4.9,4.7,3.2,2.9,2.8,3.5,4.1,4.1,3.5,5.1,4.8,4.2,3.6,3.5,6.3,5.2,6.6,5.4,4.6,5.5,5.0,3.9,5.1,4.2,5.4,4.9,3.7,4.0,4.4,4.7,6.1,4.1,7.6,5.4,3.5,M,0.0,1,4.75,3.5,3.25,A,4.359999999999999,4.42,4.79,Y,Y,Y,1.7439999999999998,1.768,1.916,0.0
77,5.4,6.8,7.1,7.2,5.6,6.8,6.7,5.3,6.0,6.2,5.9,7.1,6.3,7.8,7.9,6.0,6.9,5.8,5.4,6.3,4.8,7.3,6.4,4.4,6.9,6.6,6.9,8.8,6.9,7.4,8.4,6.0,6.7,7.4,6.8,6.6,5.3,7.0,6.3,5.1,7.5,8.0,6.7,7.0,5.8,7.1,7.9,4.7,F,0.0,2NT,3.25,4.0,3.5,A,6.1899999999999995,6.55,6.8,TB,K,K,2.476,2.62,2.7199999999999998,0.0
78,5.2,3.6,3.8,7.1,5.3,4.8,6.4,4.5,6.8,5.5,5.3,6.4,5.3,6.7,6.8,6.2,6.5,4.7,5.3,6.4,4.7,6.2,6.3,3.6,5.8,2.7,6.6,4.0,5.1,5.9,8.0,3.5,6.4,6.4,5.7,5.8,4.3,5.2,4.6,5.4,7.8,6.2,7.1,6.5,5.3,6.4,5.7,6.6,M,0.0,1,3.25,4.0,4.0,B,5.119999999999999,6.110000000000001,6.470000000000001,TB,TB,TB,2.0479999999999996,2.4440000000000004,2.588,0.0
79,5.3,4.3,5.9,7.7,6.8,6.9,7.0,5.6,5.2,5.0,6.4,6.1,5.8,7.6,6.1,3.9,5.0,5.5,4.4,7.6,6.1,6.0,6.0,4.9,3.5,5.2,5.4,6.9,6.2,5.2,5.7,4.5,5.2,5.7,4.7,4.9,5.0,5.2,5.6,7.6,5.2,5.5,5.4,5.6,4.7,4.5,5.6,6.0,M,0.0,1,3.5,4.5,4.25,B,6.159999999999999,5.71,5.24,TB,TB,TB,2.4639999999999995,2.284,2.096,0.0
80,4.8,3.9,5.5,4.9,5.6,4.1,5.8,5.1,5.1,4.0,4.5,5.6,5.6,5.9,7.2,4.4,5.7,4.9,5.0,4.6,5.0,4.8,7.0,4.1,5.0,5.3,5.1,6.3,5.8,6.8,5.6,4.7,6.7,4.8,5.0,5.5,5.8,4.4,4.6,4.1,6.6,6.6,5.9,6.9,7.2,3.8,5.1,4.9,F,0.0,2NT,2.0,3.5,5.5,A1,5.01,5.3,6.079999999999999,TB,TB,TB,2.004,2.12,2.4319999999999995,0.0
81,8.2,6.5,5.1,6.1,6.6,8.7,7.1,6.8,9.2,6.9,5.9,7.3,6.2,8.5,6.7,6.9,9.3,6.8,6.2,6.9,6.3,6.6,7.5,5.7,8.1,7.0,6.0,6.1,7.1,7.5,7.6,6.8,8.7,7.0,7.3,5.9,6.7,4.9,5.0,5.0,9.3,7.1,6.6,8.1,7.7,6.6,7.3,5.3,F,0.0,2NT,4.5,3.5,4.75,A,6.99,7.3,7.5,K,K,K,2.7960000000000003,2.92,3.0,0.0
82,5.7,5.0,4.7,5.7,4.7,5.5,5.2,4.2,3.9,5.9,4.7,5.3,4.8,6.0,4.6,4.7,5.7,5.9,4.5,5.9,4.8,3.7,6.3,5.2,4.6,4.4,4.7,6.1,5.0,5.3,4.9,5.4,6.8,6.1,4.6,5.8,5.3,5.1,4.8,5.0,7.3,7.5,5.0,6.4,6.2,5.4,5.4,6.5,M,0.0,1,2.5,4.5,4.25,A,5.11,4.86,6.319999999999999,TB,Y,TB,2.044,1.9440000000000002,2.5279999999999996,0.0
83,5.1,5.9,5.9,4.5,6.2,5.3,6.5,4.7,5.0,6.1,6.9,9.5,6.8,7.0,7.1,4.8,7.4,6.7,7.1,8.1,6.5,8.1,7.6,5.4,6.0,8.1,6.1,8.5,6.7,7.0,8.1,5.3,6.8,5.9,7.5,6.3,7.1,6.1,6.8,6.1,7.3,5.4,7.8,7.5,7.4,7.3,7.5,6.3,F,0.0,1,3.25,6.0,4.25,B,5.54,6.5,7.119999999999999,TB,K,K,2.216,2.6,2.848,0.0
84,5.9,5.7,7.1,6.7,6.5,8.0,8.1,4.3,7.4,7.1,5.6,7.6,7.2,9.3,7.2,5.1,5.5,6.4,6.9,6.9,6.9,9.8,6.2,6.4,7.0,6.9,6.5,7.8,7.1,9.2,7.9,6.1,5.5,6.3,7.1,7.6,6.2,7.8,7.5,6.5,8.2,7.5,7.2,7.3,6.8,9.6,7.3,5.8,F,0.0,1,1.75,4.75,6.0,B,6.470000000000001,7.109999999999999,7.470000000000001,TB,K,K,2.588,2.844,2.9880000000000004,0.0
85,8.4,7.4,6.0,7.8,6.3,7.2,8.5,6.0,9.3,7.0,8.5,8.8,6.9,6.9,7.3,6.8,7.4,7.0,8.0,7.5,7.1,6.7,8.4,5.8,7.7,6.7,8.2,7.5,7.5,6.1,8.1,6.5,8.2,5.9,7.9,8.6,6.1,5.1,7.2,6.1,8.6,7.8,8.9,8.5,6.7,5.5,7.9,6.6,M,0.0,1,6.5,4.5,8.0,A,7.230000000000001,7.7700000000000005,7.58,K,K,K,2.8920000000000003,3.108,3.032,1.0
86,7.2,6.6,6.8,6.7,7.1,6.4,7.2,6.0,7.9,8.1,6.6,7.5,7.8,7.4,7.6,7.1,7.3,6.8,5.7,7.6,6.6,8.4,7.4,5.1,8.4,8.1,6.4,8.8,6.3,8.3,7.7,6.5,7.8,7.1,8.5,6.5,7.3,7.0,7.8,5.2,6.9,6.9,7.1,7.3,7.0,8.1,6.4,6.0,F,0.0,2NT,3.75,5.75,4.75,B,6.830000000000001,7.5699999999999985,6.959999999999999,K,K,K,2.732,3.0279999999999996,2.784,0.0
87,6.3,6.5,8.1,7.7,6.7,5.4,7.0,5.4,6.3,6.7,6.9,7.4,6.6,5.6,7.1,5.7,5.2,7.7,6.0,7.8,7.6,5.8,6.2,5.6,6.1,7.0,7.2,7.2,7.3,6.0,7.1,5.5,6.0,7.3,8.0,5.8,6.6,7.3,7.2,4.7,5.7,7.9,6.9,6.0,7.4,6.9,6.6,5.2,M,0.0,2NT,2.0,4.75,6.5,A,6.610000000000001,6.5200000000000005,6.57,K,K,K,2.6440000000000006,2.608,2.628,0.0
88,7.3,4.3,5.3,5.8,4.9,3.7,5.6,5.3,5.9,6.0,6.3,5.9,5.0,6.6,6.6,4.6,7.1,6.3,7.3,6.7,6.5,5.4,6.7,5.5,7.7,5.4,7.5,7.1,6.8,5.8,6.8,6.5,7.9,5.9,5.9,5.9,5.7,6.1,6.8,6.7,6.6,6.4,6.9,5.7,6.4,6.4,7.2,6.2,M,0.0,1,1.75,4.0,4.5,A,5.4399999999999995,5.78,6.4799999999999995,TB,TB,TB,2.1759999999999997,2.3120000000000003,2.5919999999999996,0.0
89,5.2,6.0,4.7,6.2,3.9,6.6,4.9,3.7,6.5,6.3,6.8,6.9,5.8,7.9,7.0,6.3,7.4,5.3,5.6,6.9,5.0,6.2,6.5,5.2,7.4,6.0,6.2,4.5,5.9,7.2,7.0,6.1,5.4,4.3,4.8,4.3,5.2,6.4,6.3,5.6,6.6,8.0,6.8,3.6,5.0,6.2,6.0,6.2,M,0.0,1,3.75,4.0,3.5,A,5.029999999999999,6.58,6.000000000000001,TB,K,TB,2.0119999999999996,2.632,2.4000000000000004,0.0
90,5.7,4.6,5.9,5.7,4.7,4.3,4.4,5.5,5.6,4.7,5.4,5.7,5.1,5.9,5.6,4.5,4.7,4.5,6.0,5.6,5.1,5.7,5.9,4.3,5.1,4.4,6.0,6.1,5.3,7.1,5.0,5.6,5.6,5.2,6.0,5.2,5.7,4.3,4.9,4.3,7.2,6.5,6.3,5.7,4.6,5.4,4.7,4.7,M,0.0,1,2.0,5.5,5.5,A,5.119999999999999,5.319999999999999,5.6899999999999995,TB,TB,TB,2.0479999999999996,2.1279999999999997,2.276,0.0
91,8.1,7.7,9.1,8.5,6.1,8.6,8.8,7.3,8.8,8.3,8.4,9.3,7.1,8.9,8.8,7.2,9.2,8.4,8.2,9.0,6.3,8.4,8.8,7.1,8.8,9.1,7.7,9.1,7.0,7.9,7.3,7.5,8.9,7.2,7.4,7.8,6.6,7.6,8.1,7.6,8.5,9.2,7.5,8.6,7.9,8.3,8.7,7.8,M,0.0,2,6.25,4.0,6.5,A,7.840000000000001,8.270000000000001,8.290000000000001,K,G,G,3.136,3.3080000000000007,3.3160000000000003,1.0
92,7.8,6.5,6.7,5.4,6.2,4.8,5.9,4.4,8.9,6.9,6.2,7.5,6.2,4.4,6.4,4.7,8.5,8.0,5.2,6.7,5.6,6.0,6.9,6.7,7.8,7.4,5.0,6.4,6.4,6.1,6.6,5.9,8.6,7.6,6.5,6.6,5.1,6.4,6.4,5.5,9.4,8.2,7.1,8.2,6.3,7.2,7.4,7.0,M,0.0,2NT,4.75,4.75,4.5,A,6.17,6.63,7.65,TB,K,K,2.468,2.652,3.06,0.0
93,5.0,6.6,6.5,7.2,5.8,6.7,6.4,6.0,6.8,6.1,6.5,8.6,5.9,4.9,6.3,7.5,7.2,6.8,5.8,6.2,5.7,7.2,6.6,6.4,6.1,5.8,5.7,7.9,5.7,5.9,5.3,7.3,8.0,7.1,6.9,6.9,6.7,5.6,5.4,5.6,7.5,6.3,6.7,6.8,7.2,5.9,6.7,5.8,M,0.0,1,3.25,5.25,4.25,A,6.1,6.5299999999999985,6.76,TB,K,K,2.44,2.611999999999999,2.7039999999999997,0.0
94,5.2,5.2,6.8,7.9,6.6,8.9,7.6,5.3,6.8,5.8,5.8,8.9,7.0,8.8,8.6,5.7,6.7,6.0,5.5,7.3,6.9,9.1,8.6,5.1,6.6,6.7,7.9,7.7,6.9,8.7,7.6,6.7,7.3,5.4,5.7,6.8,6.3,7.4,7.5,5.4,7.3,6.5,6.7,5.8,7.3,8.7,7.8,5.0,M,0.0,1,3.5,4.25,5.0,A,6.529999999999999,7.12,6.970000000000001,K,K,K,2.6119999999999997,2.848,2.7880000000000003,0.0
95,5.8,5.9,7.6,6.1,5.3,8.1,6.1,5.0,6.4,7.2,7.7,7.5,5.3,8.4,6.8,6.1,7.3,7.0,7.9,7.3,5.7,8.6,6.8,5.1,7.1,7.3,8.4,7.3,5.7,8.7,7.0,5.6,7.3,6.8,6.5,8.0,5.9,5.3,7.4,6.5,6.7,8.1,7.1,6.8,6.0,7.3,6.8,5.3,M,0.0,1,4.25,2.5,4.75,A,6.1000000000000005,6.709999999999999,6.68,TB,K,K,2.4400000000000004,2.6839999999999997,2.6719999999999997,0.0
96,8.6,6.9,7.4,8.8,7.6,5.8,7.3,5.7,8.9,6.8,6.5,7.3,7.0,7.3,6.9,7.6,7.7,5.6,5.9,7.7,6.8,8.1,6.6,7.5,6.7,6.8,6.0,8.3,7.5,7.1,6.8,7.8,7.9,6.7,7.2,6.1,7.2,5.3,5.2,5.2,6.6,6.9,7.4,7.0,7.6,6.3,6.1,6.2,F,0.0,1,5.25,1.5,6.25,C,7.43,7.419999999999999,6.83,K,K,K,2.972,2.9679999999999995,2.732,0.0
97,3.7,5.4,6.0,5.1,5.5,3.9,6.1,4.4,4.1,4.8,5.1,4.7,5.9,6.9,4.6,5.4,3.1,3.1,5.3,5.8,5.6,5.4,6.6,4.2,3.4,4.9,5.9,6.9,5.6,6.4,5.7,4.3,5.5,4.7,4.6,3.4,6.9,7.6,7.4,4.9,5.7,7.7,5.0,7.0,6.5,7.9,7.5,4.4,F,0.0,1,5.25,3.75,4.75,C,4.93,5.15,6.39,Y,TB,TB,1.972,2.06,2.556,0.0
98,8.8,5.5,7.4,7.7,6.2,7.3,8.1,4.5,9.5,7.3,6.0,8.4,7.0,8.4,8.8,6.5,9.5,6.6,6.4,7.6,7.0,9.6,9.3,6.7,8.5,6.9,5.8,8.4,8.0,8.9,9.6,7.1,9.0,7.1,6.7,5.7,6.9,8.6,8.6,5.9,8.5,7.1,6.2,8.6,7.0,9.6,8.4,5.8,M,0.0,2NT,7.0,8.0,4.0,C,7.05,7.839999999999999,7.67,K,K,K,2.82,3.1359999999999997,3.068,1.0
99,2.7,1.8,3.4,5.3,4.5,7.9,4.9,3.8,2.8,5.7,5.1,5.0,5.5,6.6,3.9,4.3,6.2,6.9,7.6,6.3,4.7,7.4,5.9,5.7,5.2,5.1,6.8,5.6,3.8,5.9,6.7,4.4,4.1,5.3,5.7,4.6,5.0,5.9,5.3,4.5,4.3,5.6,6.3,4.7,5.0,6.6,5.2,5.9,M,0.0,1,5.0,3.5,5.5,C,4.1499999999999995,4.72,5.290000000000001,Y,Y,TB,1.6599999999999997,1.888,2.1160000000000005,0.0
100,4.1,5.2,4.9,5.3,5.5,5.4,7.2,5.4,4.4,6.4,4.8,7.2,6.0,6.3,6.8,4.9,6.0,4.9,4.2,6.4,5.7,6.8,7.1,6.2,4.3,4.9,5.3,6.5,5.7,6.8,7.4,5.8,5.6,6.2,6.0,4.7,5.7,7.9,6.9,4.7,5.1,6.4,5.9,5.4,6.3,5.6,6.6,5.8,M,0.0,2NT,5.25,2.5,4.25,C,5.26,5.72,5.85,TB,TB,TB,2.104,2.288,2.34,0.0
